"Date/Time","Date/Time","No.1"
"時差:GMT+9:00/夏時間:off","日付のシリアル値(Excel)",""
"","","mV"
"2020-11-19 13:07:00","44154.546527778","0"
"2020-11-19 13:12:00","44154.55","0"
"2020-11-19 13:17:01","44154.553483796","0"
"2020-11-19 13:22:01","44154.556956019","0"
"2020-11-19 13:27:00","44154.560416667","0"
"2020-11-19 13:32:01","44154.563900463","0"
"2020-11-19 13:37:01","44154.567372685","0"
"2020-11-19 13:42:01","44154.570844907","0"
"2020-11-19 13:47:01","44154.57431713","0"
"2020-11-19 13:52:01","44154.577789352","0"
"2020-11-19 13:57:01","44154.581261574","0"
"2020-11-19 14:02:01","44154.584733796","0"
"2020-11-19 14:07:01","44154.588206019","0"
"2020-11-19 14:12:01","44154.591678241","0"
"2020-11-19 14:17:01","44154.595150463","0"
"2020-11-19 14:22:01","44154.598622685","0"
"2020-11-19 14:27:00","44154.602083333","0"
"2020-11-19 14:32:01","44154.60556713","0"
"2020-11-19 14:37:01","44154.609039352","0"
"2020-11-19 14:42:01","44154.612511574","0"
"2020-11-19 14:47:01","44154.615983796","0"
"2020-11-19 14:52:01","44154.619456019","0"
"2020-11-19 14:57:01","44154.622928241","0"
"2020-11-19 15:02:01","44154.626400463","0"
"2020-11-19 15:07:01","44154.629872685","0"
"2020-11-19 15:12:01","44154.633344907","0"
"2020-11-19 15:17:01","44154.63681713","0"
"2020-11-19 15:22:01","44154.640289352","0"
"2020-11-19 15:27:01","44154.643761574","0"
"2020-11-19 15:32:01","44154.647233796","0"
"2020-11-19 15:37:01","44154.650706019","0"
"2020-11-19 15:42:01","44154.654178241","0"
"2020-11-19 15:47:01","44154.657650463","0"
"2020-11-19 15:52:01","44154.661122685","0"
"2020-11-19 15:57:01","44154.664594907","0"
"2020-11-19 16:02:01","44154.66806713","0"
"2020-11-19 16:07:01","44154.671539352","0"
"2020-11-19 16:12:01","44154.675011574","0"
"2020-11-19 16:17:01","44154.678483796","0"
"2020-11-19 16:22:01","44154.681956019","0"
"2020-11-19 16:27:01","44154.685428241","0"
"2020-11-19 16:32:01","44154.688900463","0"
"2020-11-19 16:37:01","44154.692372685","0"
"2020-11-19 16:42:01","44154.695844907","0"
"2020-11-19 16:47:01","44154.69931713","0"
"2020-11-19 16:52:01","44154.702789352","0"
"2020-11-19 16:57:01","44154.706261574","0"
"2020-11-19 17:02:01","44154.709733796","0"
"2020-11-19 17:07:01","44154.713206019","0"
"2020-11-19 17:12:01","44154.716678241","0"
"2020-11-19 17:17:01","44154.720150463","0"
"2020-11-19 17:22:01","44154.723622685","0"
"2020-11-19 17:27:00","44154.727083333","0"
"2020-11-19 17:32:01","44154.73056713","0"
"2020-11-19 17:37:01","44154.734039352","0"
"2020-11-19 17:42:01","44154.737511574","0"
"2020-11-19 17:47:01","44154.740983796","0"
"2020-11-19 17:52:01","44154.744456019","0"
"2020-11-19 17:57:00","44154.747916667","0"
"2020-11-19 18:02:01","44154.751400463","0"
"2020-11-19 18:07:01","44154.754872685","0"
"2020-11-19 18:12:01","44154.758344907","0"
"2020-11-19 18:17:01","44154.76181713","0"
"2020-11-19 18:22:01","44154.765289352","0"
"2020-11-19 18:27:01","44154.768761574","0"
"2020-11-19 18:32:01","44154.772233796","0"
"2020-11-19 18:37:01","44154.775706019","0"
"2020-11-19 18:42:01","44154.779178241","0"
"2020-11-19 18:47:01","44154.782650463","0"
"2020-11-19 18:52:01","44154.786122685","0"
"2020-11-19 18:57:00","44154.789583333","0"
"2020-11-19 19:02:01","44154.79306713","0"
"2020-11-19 19:07:01","44154.796539352","0"
"2020-11-19 19:12:01","44154.800011574","0"
"2020-11-19 19:17:01","44154.803483796","0"
"2020-11-19 19:22:01","44154.806956019","0"
"2020-11-19 19:27:00","44154.810416667","0"
"2020-11-19 19:32:01","44154.813900463","0"
"2020-11-19 19:37:01","44154.817372685","0"
"2020-11-20 11:47:01","44155.490983796","0"
"2020-11-20 11:52:01","44155.494456019","0"
"2020-11-20 11:57:01","44155.497928241","0"
"2020-11-20 12:02:01","44155.501400463","0"
"2020-11-20 12:07:01","44155.504872685","0"
"2020-11-20 12:12:01","44155.508344907","0"
"2020-11-20 12:17:01","44155.51181713","0"
"2020-11-20 12:22:01","44155.515289352","0"
"2020-11-20 12:27:01","44155.518761574","0"
"2020-11-20 12:32:01","44155.522233796","0"
"2020-11-20 12:37:00","44155.525694444","0"
"2020-11-20 12:42:00","44155.529166667","0"
"2020-11-20 12:47:00","44155.532638889","0"
"2020-11-20 12:52:00","44155.536111111","0"
"2020-11-20 12:57:00","44155.539583333","0"
"2020-11-20 13:02:00","44155.543055556","0"
"2020-11-20 13:07:00","44155.546527778","0"
"2020-11-20 13:12:00","44155.55","0"
"2020-11-20 13:17:00","44155.553472222","0"
"2020-11-20 13:22:00","44155.556944444","0"
"2020-11-20 13:27:00","44155.560416667","0"
"2020-11-20 13:32:00","44155.563888889","0"
"2020-11-20 13:37:00","44155.567361111","0"
"2020-11-20 13:42:00","44155.570833333","0"
"2020-11-20 13:47:00","44155.574305556","0"
"2020-11-20 13:52:00","44155.577777778","0"
"2020-11-20 13:57:00","44155.58125","0"
"2020-11-20 14:02:01","44155.584733796","0"
"2020-11-20 14:07:01","44155.588206019","0"
"2020-11-20 14:12:01","44155.591678241","0"
"2020-11-20 14:17:01","44155.595150463","0"
"2020-11-20 14:22:00","44155.598611111","0"
"2020-11-20 14:27:00","44155.602083333","0"
"2020-11-20 14:32:01","44155.60556713","0"
"2020-11-20 14:37:01","44155.609039352","0"
"2020-11-20 14:42:01","44155.612511574","0"
"2020-11-20 14:47:01","44155.615983796","0"
"2020-11-20 14:52:01","44155.619456019","0"
"2020-11-20 14:57:00","44155.622916667","0"
"2020-11-20 15:02:00","44155.626388889","0"
"2020-11-20 15:07:01","44155.629872685","0"
"2020-11-20 15:12:01","44155.633344907","0"
"2020-11-20 15:17:01","44155.63681713","0"
"2020-11-20 15:22:01","44155.640289352","0"
"2020-11-20 15:27:01","44155.643761574","0"
"2020-11-20 15:32:01","44155.647233796","0"
"2020-11-20 15:37:01","44155.650706019","0"
"2020-11-20 15:42:01","44155.654178241","0"
"2020-11-20 15:47:01","44155.657650463","0"
"2020-11-20 15:52:01","44155.661122685","0"
"2020-11-20 15:57:01","44155.664594907","0"
"2020-11-20 16:02:00","44155.668055556","0"
"2020-11-20 16:07:01","44155.671539352","0"
"2020-11-20 16:12:01","44155.675011574","0"
"2020-11-20 16:17:01","44155.678483796","0"
"2020-11-20 16:22:01","44155.681956019","0"
"2020-11-20 16:27:01","44155.685428241","0"
"2020-11-20 16:32:00","44155.688888889","0"
"2020-11-20 16:37:01","44155.692372685","0"
"2020-11-20 16:42:01","44155.695844907","0"
"2020-11-20 16:47:01","44155.69931713","0"
"2020-11-20 16:52:01","44155.702789352","0"
"2020-11-20 16:57:01","44155.706261574","0"
"2020-11-20 17:02:00","44155.709722222","0"
"2020-11-20 17:07:01","44155.713206019","0"
"2020-11-20 17:12:00","44155.716666667","0"
"2020-11-20 17:17:00","44155.720138889","0"
"2020-11-20 17:22:00","44155.723611111","0"
"2020-11-20 17:27:00","44155.727083333","0"
"2020-11-20 17:32:01","44155.73056713","0"
"2020-11-20 17:37:01","44155.734039352","0"
"2020-11-20 17:42:01","44155.737511574","0"
"2020-11-20 17:47:00","44155.740972222","0"
"2020-11-20 17:52:01","44155.744456019","0"
"2020-11-20 17:57:00","44155.747916667","0"
"2020-11-20 18:02:00","44155.751388889","0"
"2020-11-20 18:07:00","44155.754861111","0"
"2020-11-20 18:12:01","44155.758344907","0"
"2020-11-20 18:17:01","44155.76181713","0"
"2020-11-20 18:22:01","44155.765289352","0"
"2020-11-20 18:27:01","44155.768761574","0"
"2020-11-20 18:32:00","44155.772222222","0"
"2020-11-20 18:37:01","44155.775706019","0"
"2020-11-20 18:42:01","44155.779178241","0"
"2020-11-20 18:47:01","44155.782650463","0"
"2020-11-20 18:52:01","44155.786122685","0"
"2020-11-20 18:57:00","44155.789583333","0"
"2020-11-20 19:02:01","44155.79306713","0"
"2020-11-20 19:07:00","44155.796527778","0"
"2020-11-20 19:12:01","44155.800011574","0"
"2020-11-20 19:17:00","44155.803472222","0"
"2020-11-20 19:22:01","44155.806956019","0"
"2020-11-20 19:27:01","44155.810428241","0"
"2020-11-20 19:32:00","44155.813888889","0"
"2020-11-20 19:37:01","44155.817372685","0"
"2020-11-20 19:42:00","44155.820833333","0"
"2020-11-20 19:47:01","44155.82431713","0"
"2020-11-20 19:52:00","44155.827777778","0"
"2020-11-20 19:57:01","44155.831261574","0"
"2020-11-20 20:02:00","44155.834722222","0"
"2020-11-20 20:07:01","44155.838206019","0"
"2020-11-20 20:12:00","44155.841666667","0"
"2020-11-20 20:17:01","44155.845150463","0"
"2020-11-20 20:22:01","44155.848622685","0"
"2020-11-20 20:27:01","44155.852094907","0"
"2020-11-20 20:32:00","44155.855555556","0"
"2020-11-20 20:37:01","44155.859039352","0"
"2020-11-20 20:42:01","44155.862511574","0"
"2020-11-20 20:47:01","44155.865983796","0"
"2020-11-20 20:52:01","44155.869456019","0"
"2020-11-20 20:57:01","44155.872928241","0"
"2020-11-20 21:02:00","44155.876388889","0"
"2020-11-20 21:07:01","44155.879872685","0"
"2020-11-20 21:12:01","44155.883344907","0"
"2020-11-20 21:17:01","44155.88681713","0"
"2020-11-20 21:22:01","44155.890289352","0"
"2020-11-20 21:27:01","44155.893761574","0"
"2020-11-20 21:32:00","44155.897222222","0"
"2020-11-20 21:37:01","44155.900706019","0"
"2020-11-20 21:42:01","44155.904178241","0"
"2020-11-20 21:47:01","44155.907650463","0"
"2020-11-20 21:52:00","44155.911111111","0"
"2020-11-20 21:57:01","44155.914594907","0"
"2020-11-20 22:02:00","44155.918055556","0"
"2020-11-20 22:07:00","44155.921527778","0"
"2020-11-20 22:12:00","44155.925","0"
"2020-11-20 22:17:00","44155.928472222","0"
"2020-11-20 22:22:00","44155.931944444","0"
"2020-11-20 22:27:00","44155.935416667","0"
"2020-11-20 22:32:00","44155.938888889","0"
"2020-11-20 22:37:00","44155.942361111","0"
"2020-11-20 22:42:00","44155.945833333","0"
"2020-11-20 22:47:00","44155.949305556","0"
"2020-11-20 22:52:00","44155.952777778","0"
"2020-11-20 22:57:00","44155.95625","0"
"2020-11-20 23:02:00","44155.959722222","0"
"2020-11-20 23:07:00","44155.963194444","0"
"2020-11-20 23:12:00","44155.966666667","0"
"2020-11-20 23:17:00","44155.970138889","0"
"2020-11-20 23:22:00","44155.973611111","0"
"2020-11-20 23:27:00","44155.977083333","0"
"2020-11-20 23:32:00","44155.980555556","0"
"2020-11-20 23:37:00","44155.984027778","0"
"2020-11-20 23:42:00","44155.9875","0"
"2020-11-20 23:47:01","44155.990983796","0"
"2020-11-20 23:52:01","44155.994456019","0"
"2020-11-20 23:57:01","44155.997928241","0"
"2020-11-21 00:02:01","44156.001400463","0"
"2020-11-21 00:07:01","44156.004872685","0"
"2020-11-21 00:12:01","44156.008344907","0"
"2020-11-21 00:17:01","44156.01181713","0"
"2020-11-21 00:22:01","44156.015289352","0"
"2020-11-21 00:27:01","44156.018761574","0"
"2020-11-21 00:32:01","44156.022233796","0"
"2020-11-21 00:37:01","44156.025706019","0"
"2020-11-21 00:42:01","44156.029178241","0"
"2020-11-21 00:47:01","44156.032650463","0"
"2020-11-21 00:52:01","44156.036122685","0"
"2020-11-21 00:57:01","44156.039594907","0"
"2020-11-21 01:02:01","44156.04306713","0"
"2020-11-21 01:07:01","44156.046539352","0"
"2020-11-21 01:12:01","44156.050011574","0"
"2020-11-21 01:17:01","44156.053483796","0"
"2020-11-21 01:22:01","44156.056956019","0"
"2020-11-21 01:27:01","44156.060428241","0"
"2020-11-21 01:32:01","44156.063900463","0"
"2020-11-21 01:37:01","44156.067372685","0"
"2020-11-21 01:42:01","44156.070844907","0"
"2020-11-21 01:47:01","44156.07431713","0"
"2020-11-21 01:52:01","44156.077789352","0"
"2020-11-21 01:57:01","44156.081261574","0"
"2020-11-21 02:02:01","44156.084733796","0"
"2020-11-21 02:07:01","44156.088206019","0"
"2020-11-21 02:12:01","44156.091678241","0"
"2020-11-21 02:17:00","44156.095138889","0"
"2020-11-21 02:22:01","44156.098622685","0"
"2020-11-21 02:27:01","44156.102094907","0"
"2020-11-21 02:32:01","44156.10556713","0"
"2020-11-21 02:37:01","44156.109039352","0"
"2020-11-21 02:42:01","44156.112511574","0"
"2020-11-21 02:47:01","44156.115983796","0"
"2020-11-21 02:52:01","44156.119456019","0"
"2020-11-21 02:57:01","44156.122928241","0"
"2020-11-21 03:02:01","44156.126400463","0"
"2020-11-21 03:07:01","44156.129872685","0"
"2020-11-21 03:12:01","44156.133344907","0"
"2020-11-21 03:17:01","44156.13681713","0"
"2020-11-21 03:22:01","44156.140289352","0"
"2020-11-21 03:27:01","44156.143761574","0"
"2020-11-21 03:32:01","44156.147233796","0"
"2020-11-21 03:37:00","44156.150694444","0"
"2020-11-21 03:42:01","44156.154178241","0"
"2020-11-21 03:47:01","44156.157650463","0"
"2020-11-21 03:52:01","44156.161122685","0"
"2020-11-21 03:57:01","44156.164594907","0"
"2020-11-21 04:02:01","44156.16806713","0"
"2020-11-21 04:07:01","44156.171539352","0"
"2020-11-21 04:12:01","44156.175011574","0"
"2020-11-21 04:17:01","44156.178483796","0"
"2020-11-21 04:22:01","44156.181956019","0"
"2020-11-21 04:27:01","44156.185428241","0"
"2020-11-21 04:32:01","44156.188900463","0"
"2020-11-21 04:37:01","44156.192372685","0"
"2020-11-21 04:42:01","44156.195844907","0"
"2020-11-21 04:47:01","44156.19931713","0"
"2020-11-21 04:52:01","44156.202789352","0"
"2020-11-21 04:57:01","44156.206261574","0"
"2020-11-21 05:02:01","44156.209733796","0"
"2020-11-21 05:07:01","44156.213206019","0"
"2020-11-21 05:12:01","44156.216678241","0"
"2020-11-21 05:17:01","44156.220150463","0"
"2020-11-21 05:22:01","44156.223622685","0"
"2020-11-21 05:27:01","44156.227094907","0"
"2020-11-21 05:32:01","44156.23056713","0"
"2020-11-21 05:37:01","44156.234039352","0"
"2020-11-21 05:42:01","44156.237511574","0"
"2020-11-21 05:47:01","44156.240983796","0"
"2020-11-21 05:52:01","44156.244456019","0"
"2020-11-21 05:57:01","44156.247928241","0"
"2020-11-21 06:02:01","44156.251400463","0"
"2020-11-21 06:07:01","44156.254872685","0"
"2020-11-21 06:12:01","44156.258344907","0"
"2020-11-21 06:17:01","44156.26181713","0"
"2020-11-21 06:22:01","44156.265289352","0"
"2020-11-21 06:27:01","44156.268761574","0"
"2020-11-21 06:32:01","44156.272233796","0"
"2020-11-21 06:37:01","44156.275706019","0"
"2020-11-21 06:42:01","44156.279178241","0"
"2020-11-21 06:47:01","44156.282650463","0"
"2020-11-21 06:52:01","44156.286122685","0"
"2020-11-21 06:57:01","44156.289594907","0"
"2020-11-21 07:02:01","44156.29306713","0"
"2020-11-21 07:07:01","44156.296539352","0"
"2020-11-21 07:12:01","44156.300011574","0"
"2020-11-21 07:17:01","44156.303483796","0"
"2020-11-21 07:22:01","44156.306956019","0"
"2020-11-21 07:27:01","44156.310428241","0"
"2020-11-21 07:32:01","44156.313900463","0"
"2020-11-21 07:37:01","44156.317372685","0"
"2020-11-21 07:42:01","44156.320844907","0"
"2020-11-21 07:47:01","44156.32431713","0"
"2020-11-21 07:52:01","44156.327789352","0"
"2020-11-21 07:57:01","44156.331261574","0"
"2020-11-21 08:02:01","44156.334733796","0"
"2020-11-21 08:07:01","44156.338206019","0"
"2020-11-21 08:12:01","44156.341678241","0"
"2020-11-21 08:17:00","44156.345138889","0"
"2020-11-21 08:22:00","44156.348611111","0"
"2020-11-21 08:27:01","44156.352094907","0"
"2020-11-21 08:32:01","44156.35556713","0"
"2020-11-21 08:37:01","44156.359039352","0"
"2020-11-21 08:42:00","44156.3625","0"
"2020-11-21 08:47:00","44156.365972222","0"
"2020-11-21 08:52:01","44156.369456019","0"
"2020-11-21 08:57:00","44156.372916667","0"
"2020-11-21 09:02:01","44156.376400463","0"
"2020-11-21 09:07:00","44156.379861111","0"
"2020-11-21 09:12:00","44156.383333333","0"
"2020-11-21 09:17:01","44156.38681713","0"
"2020-11-21 09:22:00","44156.390277778","0"
"2020-11-21 09:27:00","44156.39375","0"
"2020-11-21 09:32:01","44156.397233796","0"
"2020-11-21 09:37:01","44156.400706019","0"
"2020-11-21 09:42:01","44156.404178241","0"
"2020-11-21 09:47:01","44156.407650463","0"
"2020-11-21 09:52:01","44156.411122685","0"
"2020-11-21 09:57:01","44156.414594907","0"
"2020-11-21 10:02:00","44156.418055556","0"
"2020-11-21 10:07:00","44156.421527778","0"
"2020-11-21 10:12:00","44156.425","0"
"2020-11-21 10:17:00","44156.428472222","0"
"2020-11-21 10:22:00","44156.431944444","0"
"2020-11-21 10:27:00","44156.435416667","0"
"2020-11-21 10:32:00","44156.438888889","0"
"2020-11-21 10:37:01","44156.442372685","0"
"2020-11-21 10:42:00","44156.445833333","0"
"2020-11-21 10:47:00","44156.449305556","0"
"2020-11-21 10:52:01","44156.452789352","0"
"2020-11-21 10:57:01","44156.456261574","0"
"2020-11-21 11:02:00","44156.459722222","0"
"2020-11-21 11:07:00","44156.463194444","0"
"2020-11-21 11:12:00","44156.466666667","0"
"2020-11-21 11:17:01","44156.470150463","0"
"2020-11-21 11:22:01","44156.473622685","0"
"2020-11-21 11:27:01","44156.477094907","0"
"2020-11-21 11:32:00","44156.480555556","0"
"2020-11-21 11:37:00","44156.484027778","0"
"2020-11-21 11:42:00","44156.4875","0"
"2020-11-21 11:47:01","44156.490983796","0"
"2020-11-21 11:52:01","44156.494456019","0"
"2020-11-21 11:57:00","44156.497916667","0"
"2020-11-21 12:02:00","44156.501388889","0"
"2020-11-21 12:07:00","44156.504861111","0"
"2020-11-21 12:12:00","44156.508333333","0"
"2020-11-21 12:17:01","44156.51181713","0"
"2020-11-21 12:22:01","44156.515289352","0"
"2020-11-21 12:27:00","44156.51875","0"
"2020-11-21 12:32:00","44156.522222222","0"
"2020-11-21 12:37:00","44156.525694444","0"
"2020-11-21 12:42:00","44156.529166667","0"
"2020-11-21 12:47:01","44156.532650463","0"
"2020-11-21 12:52:01","44156.536122685","0"
"2020-11-21 12:57:00","44156.539583333","0"
"2020-11-21 13:02:00","44156.543055556","0"
"2020-11-21 13:07:01","44156.546539352","0"
"2020-11-21 13:12:00","44156.55","0"
"2020-11-21 13:17:01","44156.553483796","0"
"2020-11-21 13:22:01","44156.556956019","0"
"2020-11-21 13:27:01","44156.560428241","0"
"2020-11-21 13:32:00","44156.563888889","0"
"2020-11-21 13:37:01","44156.567372685","0"
"2020-11-21 13:42:01","44156.570844907","0"
"2020-11-21 13:47:01","44156.57431713","0"
"2020-11-21 13:52:00","44156.577777778","0"
"2020-11-21 13:57:00","44156.58125","0"
"2020-11-21 14:02:00","44156.584722222","0"
"2020-11-21 14:07:01","44156.588206019","0"
"2020-11-21 14:12:01","44156.591678241","0"
"2020-11-21 14:17:00","44156.595138889","0"
"2020-11-21 14:22:01","44156.598622685","0"
"2020-11-21 14:27:01","44156.602094907","0"
"2020-11-21 14:32:00","44156.605555556","0"
"2020-11-21 14:37:01","44156.609039352","0"
"2020-11-21 14:42:01","44156.612511574","0"
"2020-11-21 14:47:00","44156.615972222","0"
"2020-11-21 14:52:01","44156.619456019","0"
"2020-11-21 14:57:01","44156.622928241","0"
"2020-11-21 15:02:00","44156.626388889","0"
"2020-11-21 15:07:01","44156.629872685","0"
"2020-11-21 15:12:01","44156.633344907","0"
"2020-11-21 15:17:01","44156.63681713","0"
"2020-11-21 15:22:01","44156.640289352","0"
"2020-11-21 15:27:01","44156.643761574","0"
"2020-11-21 15:32:00","44156.647222222","0"
"2020-11-21 15:37:01","44156.650706019","0"
"2020-11-21 15:42:01","44156.654178241","0"
"2020-11-21 15:47:01","44156.657650463","0"
"2020-11-21 15:52:01","44156.661122685","0"
"2020-11-21 15:57:00","44156.664583333","0"
"2020-11-21 16:02:00","44156.668055556","0"
"2020-11-21 16:07:01","44156.671539352","0"
"2020-11-21 16:12:01","44156.675011574","0"
"2020-11-21 16:17:01","44156.678483796","0"
"2020-11-21 16:22:01","44156.681956019","0"
"2020-11-21 16:27:01","44156.685428241","0"
"2020-11-21 16:32:00","44156.688888889","0"
"2020-11-21 16:37:01","44156.692372685","0"
"2020-11-21 16:42:01","44156.695844907","0"
"2020-11-21 16:47:01","44156.69931713","0"
"2020-11-21 16:52:01","44156.702789352","0"
"2020-11-21 16:57:01","44156.706261574","0"
"2020-11-21 17:02:01","44156.709733796","0"
"2020-11-21 17:07:01","44156.713206019","0"
"2020-11-21 17:12:01","44156.716678241","0"
"2020-11-21 17:17:01","44156.720150463","0"
"2020-11-21 17:22:01","44156.723622685","0"
"2020-11-21 17:27:01","44156.727094907","89.7"
"2020-11-21 17:32:01","44156.73056713","90.9"
"2020-11-21 17:37:01","44156.734039352","89.8"
"2020-11-21 17:42:01","44156.737511574","88.9"
"2020-11-21 17:47:01","44156.740983796","89.4"
"2020-11-21 17:52:01","44156.744456019","90.3"
"2020-11-21 17:57:01","44156.747928241","89.4"
"2020-11-21 18:02:00","44156.751388889","89.6"
"2020-11-21 18:07:01","44156.754872685","89.6"
"2020-11-21 18:12:01","44156.758344907","89.7"
"2020-11-21 18:17:01","44156.76181713","89.4"
"2020-11-21 18:22:00","44156.765277778","89.4"
"2020-11-21 18:27:00","44156.76875","89.7"
"2020-11-21 18:32:01","44156.772233796","89.4"
"2020-11-21 18:37:00","44156.775694444","89.4"
"2020-11-21 18:42:01","44156.779178241","89.4"
"2020-11-21 18:47:01","44156.782650463","89.8"
"2020-11-21 18:52:01","44156.786122685","89.5"
"2020-11-21 18:57:00","44156.789583333","90.3"
"2020-11-21 19:02:01","44156.79306713","89.4"
"2020-11-21 19:07:01","44156.796539352","89.6"
"2020-11-21 19:12:01","44156.800011574","89.7"
"2020-11-21 19:17:01","44156.803483796","90.2"
"2020-11-21 19:22:01","44156.806956019","89.3"
"2020-11-21 19:27:01","44156.810428241","89.1"
"2020-11-21 19:32:00","44156.813888889","89.8"
"2020-11-21 19:37:01","44156.817372685","89.4"
"2020-11-21 19:42:01","44156.820844907","89.6"
"2020-11-21 19:47:01","44156.82431713","90"
"2020-11-21 19:52:00","44156.827777778","89.7"
"2020-11-21 19:57:00","44156.83125","89.6"
"2020-11-21 20:02:00","44156.834722222","89.9"
"2020-11-21 20:07:00","44156.838194444","89.7"
"2020-11-21 20:12:00","44156.841666667","89.6"
"2020-11-21 20:17:00","44156.845138889","89.5"
"2020-11-21 20:22:00","44156.848611111","90.4"
"2020-11-21 20:27:00","44156.852083333","88.5"
"2020-11-21 20:32:00","44156.855555556","89.1"
"2020-11-21 20:37:00","44156.859027778","89.2"
"2020-11-21 20:42:00","44156.8625","0"
"2020-11-21 20:47:00","44156.865972222","0"
"2020-11-21 20:52:00","44156.869444444","89.5"
"2020-11-21 20:57:00","44156.872916667","89.4"
"2020-11-21 21:02:00","44156.876388889","89.4"
"2020-11-21 21:07:00","44156.879861111","89.5"
"2020-11-21 21:12:00","44156.883333333","90"
"2020-11-21 21:17:00","44156.886805556","89.5"
"2020-11-21 21:22:00","44156.890277778","89.3"
"2020-11-21 21:27:00","44156.89375","89.2"
"2020-11-21 21:32:00","44156.897222222","89.4"
"2020-11-21 21:37:00","44156.900694444","89.7"
"2020-11-21 21:42:00","44156.904166667","89.3"
"2020-11-21 21:47:00","44156.907638889","89.9"
"2020-11-21 21:52:00","44156.911111111","89"
"2020-11-21 21:57:00","44156.914583333","89.4"
"2020-11-21 22:02:00","44156.918055556","89.2"
"2020-11-21 22:07:00","44156.921527778","88.7"
"2020-11-21 22:12:00","44156.925","89.1"
"2020-11-21 22:17:00","44156.928472222","88.6"
"2020-11-21 22:22:00","44156.931944444","89.2"
"2020-11-21 22:27:00","44156.935416667","88.7"
"2020-11-21 22:32:00","44156.938888889","89.1"
"2020-11-21 22:37:00","44156.942361111","89.6"
"2020-11-21 22:42:00","44156.945833333","89"
"2020-11-21 22:47:00","44156.949305556","88.9"
"2020-11-21 22:52:00","44156.952777778","89"
"2020-11-21 22:57:00","44156.95625","88"
"2020-11-21 23:02:00","44156.959722222","88.9"
"2020-11-21 23:07:00","44156.963194444","88.7"
"2020-11-21 23:12:00","44156.966666667","90"
"2020-11-21 23:17:00","44156.970138889","88.3"
"2020-11-21 23:22:00","44156.973611111","89"
"2020-11-21 23:27:00","44156.977083333","88.6"
"2020-11-21 23:32:00","44156.980555556","89.4"
"2020-11-21 23:37:00","44156.984027778","89"
"2020-11-21 23:42:00","44156.9875","88.8"
"2020-11-21 23:47:00","44156.990972222","88.7"
"2020-11-21 23:52:00","44156.994444444","89.2"
"2020-11-21 23:57:00","44156.997916667","88.6"
"2020-11-22 00:02:00","44157.001388889","88.4"
"2020-11-22 00:07:00","44157.004861111","88.6"
"2020-11-22 00:12:00","44157.008333333","89.9"
"2020-11-22 00:17:00","44157.011805556","89.3"
"2020-11-22 00:22:00","44157.015277778","89.1"
"2020-11-22 00:27:00","44157.01875","88.7"
"2020-11-22 00:32:00","44157.022222222","89.1"
"2020-11-22 00:37:00","44157.025694444","88.8"
"2020-11-22 00:42:00","44157.029166667","88.9"
"2020-11-22 00:47:00","44157.032638889","88.5"
"2020-11-22 00:52:00","44157.036111111","88.6"
"2020-11-22 00:57:00","44157.039583333","88.9"
"2020-11-22 01:02:00","44157.043055556","88.9"
"2020-11-22 01:07:00","44157.046527778","88.5"
"2020-11-22 01:12:00","44157.05","88.8"
"2020-11-22 01:17:00","44157.053472222","89.9"
"2020-11-22 01:22:00","44157.056944444","88.8"
"2020-11-22 01:27:00","44157.060416667","88.9"
"2020-11-22 01:32:00","44157.063888889","88.3"
"2020-11-22 01:37:00","44157.067361111","88.6"
"2020-11-22 01:42:00","44157.070833333","89.7"
"2020-11-22 01:47:00","44157.074305556","89.5"
"2020-11-22 01:52:00","44157.077777778","89.4"
"2020-11-22 01:57:00","44157.08125","89.3"
"2020-11-22 02:02:00","44157.084722222","89.6"
"2020-11-22 02:07:00","44157.088194444","89.5"
"2020-11-22 02:12:00","44157.091666667","89.8"
"2020-11-22 02:17:00","44157.095138889","89.4"
"2020-11-22 02:22:00","44157.098611111","90.5"
"2020-11-22 02:27:00","44157.102083333","89.2"
"2020-11-22 02:32:00","44157.105555556","89.4"
"2020-11-22 02:37:00","44157.109027778","89.2"
"2020-11-22 02:42:00","44157.1125","89"
"2020-11-22 02:47:00","44157.115972222","89.1"
"2020-11-22 02:52:00","44157.119444444","89.6"
"2020-11-22 02:57:00","44157.122916667","89.7"
"2020-11-22 03:02:00","44157.126388889","89.5"
"2020-11-22 03:07:00","44157.129861111","90.1"
"2020-11-22 03:12:00","44157.133333333","89.6"
"2020-11-22 03:17:00","44157.136805556","89"
"2020-11-22 03:22:00","44157.140277778","89.5"
"2020-11-22 03:27:00","44157.14375","89.3"
"2020-11-22 03:32:00","44157.147222222","89.7"
"2020-11-22 03:37:00","44157.150694444","89.5"
"2020-11-22 03:42:00","44157.154166667","89.9"
"2020-11-22 03:47:00","44157.157638889","89.5"
"2020-11-22 03:52:00","44157.161111111","89.9"
"2020-11-22 03:57:00","44157.164583333","89.9"
"2020-11-22 04:02:00","44157.168055556","89.6"
"2020-11-22 04:07:00","44157.171527778","89.2"
"2020-11-22 04:12:00","44157.175","90.4"
"2020-11-22 04:17:00","44157.178472222","89.7"
"2020-11-22 04:22:00","44157.181944444","89"
"2020-11-22 04:27:00","44157.185416667","89.5"
"2020-11-22 04:32:00","44157.188888889","89.5"
"2020-11-22 04:37:00","44157.192361111","89.2"
"2020-11-22 04:42:00","44157.195833333","88.9"
"2020-11-22 04:47:00","44157.199305556","89.4"
"2020-11-22 04:52:01","44157.202789352","89.6"
"2020-11-22 04:57:01","44157.206261574","89.4"
"2020-11-22 05:02:01","44157.209733796","89.4"
"2020-11-22 05:07:01","44157.213206019","89.3"
"2020-11-22 05:12:01","44157.216678241","89.6"
"2020-11-22 05:17:01","44157.220150463","91.1"
"2020-11-22 05:22:01","44157.223622685","90"
"2020-11-22 05:27:01","44157.227094907","89.5"
"2020-11-22 05:32:01","44157.23056713","89.5"
"2020-11-22 05:37:01","44157.234039352","90"
"2020-11-22 05:42:01","44157.237511574","89.7"
"2020-11-22 05:47:01","44157.240983796","89.8"
"2020-11-22 05:52:01","44157.244456019","89.8"
"2020-11-22 05:57:01","44157.247928241","90.1"
"2020-11-22 06:02:01","44157.251400463","89.7"
"2020-11-22 06:07:01","44157.254872685","90"
"2020-11-22 06:12:01","44157.258344907","89.9"
"2020-11-22 06:17:01","44157.26181713","90.2"
"2020-11-22 06:22:01","44157.265289352","89.8"
"2020-11-22 06:27:01","44157.268761574","90"
"2020-11-22 06:32:01","44157.272233796","90.3"
"2020-11-22 06:37:01","44157.275706019","89.9"
"2020-11-22 06:42:01","44157.279178241","91.1"
"2020-11-22 06:47:01","44157.282650463","89.6"
"2020-11-22 06:52:01","44157.286122685","90.1"
"2020-11-22 06:57:01","44157.289594907","90.1"
"2020-11-22 07:02:01","44157.29306713","90"
"2020-11-22 07:07:01","44157.296539352","89.4"
"2020-11-22 07:12:01","44157.300011574","90"
"2020-11-22 07:17:01","44157.303483796","89.7"
"2020-11-22 07:22:01","44157.306956019","90.2"
"2020-11-22 07:27:01","44157.310428241","90.1"
"2020-11-22 07:32:01","44157.313900463","90.3"
"2020-11-22 07:37:01","44157.317372685","90"
"2020-11-22 07:42:01","44157.320844907","90.3"
"2020-11-22 07:47:01","44157.32431713","91.6"
"2020-11-22 07:52:01","44157.327789352","90.6"
"2020-11-22 07:57:01","44157.331261574","90.3"
"2020-11-22 08:02:01","44157.334733796","90.5"
"2020-11-22 08:07:01","44157.338206019","89.9"
"2020-11-22 08:12:01","44157.341678241","90.2"
"2020-11-22 08:17:01","44157.345150463","90.3"
"2020-11-22 08:22:01","44157.348622685","90.1"
"2020-11-22 08:27:01","44157.352094907","90.4"
"2020-11-22 08:32:01","44157.35556713","90.6"
"2020-11-22 08:37:01","44157.359039352","89.6"
"2020-11-22 08:42:01","44157.362511574","89.8"
"2020-11-22 08:47:01","44157.365983796","90"
"2020-11-22 08:52:01","44157.369456019","90.2"
"2020-11-22 08:57:01","44157.372928241","89.9"
"2020-11-22 09:02:01","44157.376400463","89.3"
"2020-11-22 09:07:01","44157.379872685","89.8"
"2020-11-22 09:12:01","44157.383344907","90.2"
"2020-11-22 09:17:01","44157.38681713","90.3"
"2020-11-22 09:22:01","44157.390289352","90.4"
"2020-11-22 09:27:01","44157.393761574","90.5"
"2020-11-22 09:32:01","44157.397233796","90.3"
"2020-11-22 09:37:01","44157.400706019","90.2"
"2020-11-22 09:42:01","44157.404178241","89.5"
"2020-11-22 09:47:01","44157.407650463","90.3"
"2020-11-22 09:52:01","44157.411122685","90.8"
"2020-11-22 09:57:01","44157.414594907","90.1"
"2020-11-22 10:02:01","44157.41806713","90.3"
"2020-11-22 10:07:01","44157.421539352","90.5"
"2020-11-22 10:12:01","44157.425011574","89.5"
"2020-11-22 10:17:01","44157.428483796","90.1"
"2020-11-22 10:22:01","44157.431956019","91.1"
"2020-11-22 10:27:01","44157.435428241","90.2"
"2020-11-22 10:32:01","44157.438900463","89.8"
"2020-11-22 10:37:01","44157.442372685","89.8"
"2020-11-22 10:42:01","44157.445844907","90"
"2020-11-22 10:47:01","44157.44931713","90"
"2020-11-22 10:52:01","44157.452789352","89.7"
"2020-11-22 10:57:01","44157.456261574","90.4"
"2020-11-22 11:02:01","44157.459733796","90.1"
"2020-11-22 11:07:01","44157.463206019","90.1"
"2020-11-22 11:12:01","44157.466678241","90.1"
"2020-11-22 11:17:01","44157.470150463","90.5"
"2020-11-22 11:22:01","44157.473622685","90.5"
"2020-11-22 11:27:01","44157.477094907","90.2"
"2020-11-22 11:32:01","44157.48056713","90.6"
"2020-11-22 11:37:01","44157.484039352","90.8"
"2020-11-22 11:42:01","44157.487511574","90.2"
"2020-11-22 11:47:01","44157.490983796","90.3"
"2020-11-22 11:52:01","44157.494456019","90.4"
"2020-11-22 11:57:01","44157.497928241","90.1"
"2020-11-22 12:02:01","44157.501400463","90.1"
"2020-11-22 12:07:01","44157.504872685","90.1"
"2020-11-22 12:12:01","44157.508344907","89.7"
"2020-11-22 12:17:01","44157.51181713","90.1"
"2020-11-22 12:22:01","44157.515289352","90.3"
"2020-11-22 12:27:01","44157.518761574","90.1"
"2020-11-22 12:32:01","44157.522233796","89.7"
"2020-11-22 12:37:01","44157.525706019","90"
"2020-11-22 12:42:01","44157.529178241","90.1"
"2020-11-22 12:47:01","44157.532650463","91.6"
"2020-11-22 12:52:01","44157.536122685","90.1"
"2020-11-22 12:57:01","44157.539594907","90.4"
"2020-11-22 13:02:01","44157.54306713","90.1"
"2020-11-22 13:07:00","44157.546527778","90.5"
"2020-11-22 13:12:01","44157.550011574","90.2"
"2020-11-22 13:17:01","44157.553483796","90.4"
"2020-11-22 13:22:01","44157.556956019","89.6"
"2020-11-22 13:27:01","44157.560428241","89.9"
"2020-11-22 13:32:00","44157.563888889","89.6"
"2020-11-22 13:37:01","44157.567372685","89.8"
"2020-11-22 13:42:01","44157.570844907","89.7"
"2020-11-22 13:47:01","44157.57431713","90"
"2020-11-22 13:52:01","44157.577789352","89.8"
"2020-11-22 13:57:01","44157.581261574","89.9"
"2020-11-22 14:02:01","44157.584733796","90.2"
"2020-11-22 14:07:01","44157.588206019","90.1"
"2020-11-22 14:12:01","44157.591678241","90.3"
"2020-11-22 14:17:01","44157.595150463","89.7"
"2020-11-22 14:22:01","44157.598622685","89.8"
"2020-11-22 14:27:01","44157.602094907","90.5"
"2020-11-22 14:32:00","44157.605555556","90.7"
"2020-11-22 14:37:01","44157.609039352","90.8"
"2020-11-22 14:42:01","44157.612511574","90.5"
"2020-11-22 14:47:01","44157.615983796","91.3"
"2020-11-22 14:52:01","44157.619456019","90.2"
"2020-11-22 14:57:01","44157.622928241","91.1"
"2020-11-22 15:02:01","44157.626400463","90.5"
"2020-11-22 15:07:01","44157.629872685","91.2"
"2020-11-22 15:12:01","44157.633344907","91.3"
"2020-11-22 15:17:01","44157.63681713","91.2"
"2020-11-22 15:22:01","44157.640289352","90.8"
"2020-11-22 15:27:01","44157.643761574","91.1"
"2020-11-22 15:32:00","44157.647222222","90.8"
"2020-11-22 15:37:01","44157.650706019","92.4"
"2020-11-22 15:42:01","44157.654178241","90"
"2020-11-22 15:47:01","44157.657650463","90.4"
"2020-11-22 15:52:01","44157.661122685","90.1"
"2020-11-22 15:57:01","44157.664594907","89.9"
"2020-11-22 16:02:00","44157.668055556","89.9"
"2020-11-22 16:07:01","44157.671539352","89.9"
"2020-11-22 16:12:01","44157.675011574","90.2"
"2020-11-22 16:17:01","44157.678483796","89.9"
"2020-11-22 16:22:01","44157.681956019","90.4"
"2020-11-22 16:27:01","44157.685428241","90"
"2020-11-22 16:32:00","44157.688888889","90"
"2020-11-22 16:37:01","44157.692372685","90.9"
"2020-11-22 16:42:01","44157.695844907","90.9"
"2020-11-22 16:47:01","44157.69931713","89.9"
"2020-11-22 16:52:01","44157.702789352","89.4"
"2020-11-22 16:57:01","44157.706261574","89.6"
"2020-11-22 17:02:00","44157.709722222","90.6"
"2020-11-22 17:07:01","44157.713206019","89.5"
"2020-11-22 17:12:01","44157.716678241","89.3"
"2020-11-22 17:17:01","44157.720150463","89.9"
"2020-11-22 17:22:01","44157.723622685","89.9"
"2020-11-22 17:27:01","44157.727094907","89.7"
"2020-11-22 17:32:00","44157.730555556","89.7"
"2020-11-22 17:37:01","44157.734039352","90.3"
"2020-11-22 17:42:01","44157.737511574","90"
"2020-11-22 17:47:01","44157.740983796","89.6"
"2020-11-22 17:52:01","44157.744456019","90.3"
"2020-11-22 17:57:01","44157.747928241","89.9"
"2020-11-22 18:02:00","44157.751388889","89.9"
"2020-11-22 18:07:01","44157.754872685","89.9"
"2020-11-22 18:12:01","44157.758344907","89.6"
"2020-11-22 18:17:01","44157.76181713","89.6"
"2020-11-22 18:22:01","44157.765289352","90"
"2020-11-22 18:27:01","44157.768761574","89.9"
"2020-11-22 18:32:01","44157.772233796","89.9"
"2020-11-22 18:37:01","44157.775706019","90.1"
"2020-11-22 18:42:00","44157.779166667","90.1"
"2020-11-22 18:47:01","44157.782650463","89.7"
"2020-11-22 18:52:01","44157.786122685","89.5"
"2020-11-22 18:57:01","44157.789594907","90.3"
"2020-11-22 19:02:00","44157.793055556","90.4"
"2020-11-22 19:07:00","44157.796527778","90"
"2020-11-22 19:12:01","44157.800011574","89.8"
"2020-11-22 19:17:01","44157.803483796","89.8"
"2020-11-22 19:22:01","44157.806956019","90"
"2020-11-22 19:27:01","44157.810428241","90.3"
"2020-11-22 19:32:00","44157.813888889","89.4"
"2020-11-22 19:37:01","44157.817372685","90.1"
"2020-11-22 19:42:01","44157.820844907","90"
"2020-11-22 19:47:01","44157.82431713","89.9"
"2020-11-22 19:52:01","44157.827789352","89.7"
"2020-11-22 19:57:01","44157.831261574","89.5"
"2020-11-22 20:02:00","44157.834722222","90"
"2020-11-22 20:07:01","44157.838206019","90.6"
"2020-11-22 20:12:01","44157.841678241","89.4"
"2020-11-22 20:17:01","44157.845150463","89.8"
"2020-11-22 20:22:01","44157.848622685","89.8"
"2020-11-22 20:27:01","44157.852094907","90.7"
"2020-11-22 20:32:00","44157.855555556","89"
"2020-11-22 20:37:01","44157.859039352","89.1"
"2020-11-22 20:42:01","44157.862511574","88.9"
"2020-11-22 20:47:01","44157.865983796","90"
"2020-11-22 20:52:01","44157.869456019","89.2"
"2020-11-22 20:57:01","44157.872928241","89.2"
"2020-11-22 21:02:00","44157.876388889","89.3"
"2020-11-22 21:07:01","44157.879872685","90.4"
"2020-11-22 21:12:01","44157.883344907","89.3"
"2020-11-22 21:17:01","44157.88681713","89.5"
"2020-11-22 21:22:01","44157.890289352","89.2"
"2020-11-22 21:27:01","44157.893761574","89.7"
"2020-11-22 21:32:00","44157.897222222","88.6"
"2020-11-22 21:37:01","44157.900706019","88.9"
"2020-11-22 21:42:01","44157.904178241","88.7"
"2020-11-22 21:47:01","44157.907650463","88.2"
"2020-11-22 21:52:00","44157.911111111","88.7"
"2020-11-22 21:57:01","44157.914594907","88.6"
"2020-11-22 22:02:00","44157.918055556","88.6"
"2020-11-22 22:07:01","44157.921539352","88.5"
"2020-11-22 22:12:01","44157.925011574","88.8"
"2020-11-22 22:17:01","44157.928483796","88.5"
"2020-11-22 22:22:01","44157.931956019","88.8"
"2020-11-22 22:27:01","44157.935428241","89.3"
"2020-11-22 22:32:00","44157.938888889","89.2"
"2020-11-22 22:37:01","44157.942372685","89.3"
"2020-11-22 22:42:01","44157.945844907","89.1"
"2020-11-22 22:47:01","44157.94931713","89"
"2020-11-22 22:52:01","44157.952789352","90.1"
"2020-11-22 22:57:01","44157.956261574","89.4"
"2020-11-22 23:02:00","44157.959722222","89.4"
"2020-11-22 23:07:00","44157.963194444","89.2"
"2020-11-22 23:12:01","44157.966678241","89.5"
"2020-11-22 23:17:01","44157.970150463","89.3"
"2020-11-22 23:22:01","44157.973622685","88.9"
"2020-11-22 23:27:01","44157.977094907","89.3"
"2020-11-22 23:32:01","44157.98056713","89.1"
"2020-11-22 23:37:00","44157.984027778","89.8"
"2020-11-22 23:42:00","44157.9875","89.5"
"2020-11-22 23:47:00","44157.990972222","89.3"
"2020-11-22 23:52:01","44157.994456019","89.7"
"2020-11-22 23:57:01","44157.997928241","89.6"
"2020-11-23 00:02:01","44158.001400463","88.6"
"2020-11-23 00:07:00","44158.004861111","88.6"
"2020-11-23 00:12:01","44158.008344907","88.5"
"2020-11-23 00:17:01","44158.01181713","89"
"2020-11-23 00:22:01","44158.015289352","88.5"
"2020-11-23 00:27:01","44158.018761574","88.7"
"2020-11-23 00:32:00","44158.022222222","88.8"
"2020-11-23 00:37:01","44158.025706019","88.6"
"2020-11-23 00:42:00","44158.029166667","88.9"
"2020-11-23 00:47:00","44158.032638889","88.6"
"2020-11-23 00:52:01","44158.036122685","88.7"
"2020-11-23 00:57:01","44158.039594907","88.8"
"2020-11-23 01:02:00","44158.043055556","88.7"
"2020-11-23 01:07:01","44158.046539352","88.7"
"2020-11-23 01:12:01","44158.050011574","88.5"
"2020-11-23 01:17:01","44158.053483796","88.5"
"2020-11-23 01:22:01","44158.056956019","89.2"
"2020-11-23 01:27:00","44158.060416667","89.3"
"2020-11-23 01:32:00","44158.063888889","89.2"
"2020-11-23 01:37:00","44158.067361111","89"
"2020-11-23 01:42:00","44158.070833333","88.7"
"2020-11-23 01:47:00","44158.074305556","89"
"2020-11-23 01:52:00","44158.077777778","88.8"
"2020-11-23 01:57:00","44158.08125","89"
"2020-11-23 02:02:00","44158.084722222","89.3"
"2020-11-23 02:07:00","44158.088194444","88.9"
"2020-11-23 02:12:00","44158.091666667","89.3"
"2020-11-23 02:17:00","44158.095138889","89.1"
"2020-11-23 02:22:00","44158.098611111","89.8"
"2020-11-23 02:27:00","44158.102083333","89.7"
"2020-11-23 02:32:00","44158.105555556","89.7"
"2020-11-23 02:37:00","44158.109027778","89.2"
"2020-11-23 02:42:00","44158.1125","90.9"
"2020-11-23 02:47:00","44158.115972222","89.6"
"2020-11-23 02:52:00","44158.119444444","89.2"
"2020-11-23 02:57:00","44158.122916667","89.6"
"2020-11-23 03:02:00","44158.126388889","91.2"
"2020-11-23 03:07:00","44158.129861111","89.7"
"2020-11-23 03:12:00","44158.133333333","89.8"
"2020-11-23 03:17:00","44158.136805556","89.4"
"2020-11-23 03:22:00","44158.140277778","90.7"
"2020-11-23 03:27:00","44158.14375","90.2"
"2020-11-23 03:32:00","44158.147222222","89.9"
"2020-11-23 03:37:00","44158.150694444","89.6"
"2020-11-23 03:42:00","44158.154166667","90.6"
"2020-11-23 03:47:00","44158.157638889","90"
"2020-11-23 03:52:00","44158.161111111","89.5"
"2020-11-23 03:57:00","44158.164583333","89.6"
"2020-11-23 04:02:00","44158.168055556","91.2"
"2020-11-23 04:07:00","44158.171527778","89.6"
"2020-11-23 04:12:00","44158.175","89.9"
"2020-11-23 04:17:00","44158.178472222","89.5"
"2020-11-23 04:22:00","44158.181944444","91.1"
"2020-11-23 04:27:00","44158.185416667","89.6"
"2020-11-23 04:32:00","44158.188888889","89.4"
"2020-11-23 04:37:00","44158.192361111","89.5"
"2020-11-23 04:42:00","44158.195833333","90.7"
"2020-11-23 04:47:00","44158.199305556","89.5"
"2020-11-23 04:52:00","44158.202777778","90"
"2020-11-23 04:57:00","44158.20625","90"
"2020-11-23 05:02:00","44158.209722222","91.2"
"2020-11-23 05:07:00","44158.213194444","89.7"
"2020-11-23 05:11:59","44158.216655093","90"
"2020-11-23 05:17:00","44158.220138889","90.2"
"2020-11-23 05:22:00","44158.223611111","91.2"
"2020-11-23 05:27:00","44158.227083333","89.8"
"2020-11-23 05:32:00","44158.230555556","89.9"
"2020-11-23 05:37:00","44158.234027778","90.2"
"2020-11-23 05:42:00","44158.2375","90.9"
"2020-11-23 05:47:00","44158.240972222","90.1"
"2020-11-23 05:52:00","44158.244444444","89.6"
"2020-11-23 05:57:00","44158.247916667","90.2"
"2020-11-23 06:02:00","44158.251388889","90.5"
"2020-11-23 06:07:00","44158.254861111","90"
"2020-11-23 06:12:00","44158.258333333","89.6"
"2020-11-23 06:17:00","44158.261805556","89.6"
"2020-11-23 06:22:00","44158.265277778","90.9"
"2020-11-23 06:27:00","44158.26875","89.6"
"2020-11-23 06:32:00","44158.272222222","90.1"
"2020-11-23 06:37:00","44158.275694444","90.3"
"2020-11-23 06:42:00","44158.279166667","91.1"
"2020-11-23 06:47:00","44158.282638889","89.6"
"2020-11-23 06:52:00","44158.286111111","89.7"
"2020-11-23 06:57:00","44158.289583333","91.1"
"2020-11-23 07:02:00","44158.293055556","90.6"
"2020-11-23 07:07:00","44158.296527778","89.9"
"2020-11-23 07:12:00","44158.3","89.9"
"2020-11-23 07:17:00","44158.303472222","90"
"2020-11-23 07:22:00","44158.306944444","89.7"
"2020-11-23 07:27:00","44158.310416667","89.8"
"2020-11-23 07:32:00","44158.313888889","90.3"
"2020-11-23 07:37:00","44158.317361111","89.9"
"2020-11-23 07:42:00","44158.320833333","90.3"
"2020-11-23 07:47:00","44158.324305556","89.6"
"2020-11-23 07:52:00","44158.327777778","90.1"
"2020-11-23 07:57:00","44158.33125","89.9"
"2020-11-23 08:02:00","44158.334722222","89.9"
"2020-11-23 08:07:00","44158.338194444","90.1"
"2020-11-23 08:12:00","44158.341666667","89.6"
"2020-11-23 08:17:00","44158.345138889","90.1"
"2020-11-23 08:22:00","44158.348611111","89.2"
"2020-11-23 08:27:00","44158.352083333","89.8"
"2020-11-23 08:32:00","44158.355555556","89.6"
"2020-11-23 08:37:00","44158.359027778","89.7"
"2020-11-23 08:42:00","44158.3625","89.7"
"2020-11-23 08:47:00","44158.365972222","89.8"
"2020-11-23 08:52:00","44158.369444444","90"
"2020-11-23 08:57:00","44158.372916667","89.4"
"2020-11-23 09:02:00","44158.376388889","89.6"
"2020-11-23 09:07:00","44158.379861111","90.4"
"2020-11-23 09:12:00","44158.383333333","90.6"
"2020-11-23 09:17:00","44158.386805556","90.6"
"2020-11-23 09:22:00","44158.390277778","90.1"
"2020-11-23 09:27:00","44158.39375","90.3"
"2020-11-23 09:32:00","44158.397222222","89.9"
"2020-11-23 09:37:00","44158.400694444","90.5"
"2020-11-23 09:42:00","44158.404166667","90.2"
"2020-11-23 09:47:00","44158.407638889","89.3"
"2020-11-23 09:52:00","44158.411111111","90.2"
"2020-11-23 09:57:00","44158.414583333","90.4"
"2020-11-23 10:02:00","44158.418055556","90.3"
"2020-11-23 10:07:00","44158.421527778","90.3"
"2020-11-23 10:12:00","44158.425","90.3"
"2020-11-23 10:17:00","44158.428472222","89"
"2020-11-23 10:22:00","44158.431944444","89.7"
"2020-11-23 10:27:00","44158.435416667","89.9"
"2020-11-23 10:32:00","44158.438888889","89.6"
"2020-11-23 10:37:00","44158.442361111","90.1"
"2020-11-23 10:42:00","44158.445833333","90"
"2020-11-23 10:47:00","44158.449305556","89.8"
"2020-11-23 10:52:00","44158.452777778","89.6"
"2020-11-23 10:57:00","44158.45625","89.7"
"2020-11-23 11:02:00","44158.459722222","89.8"
"2020-11-23 11:07:00","44158.463194444","90.2"
"2020-11-23 11:12:00","44158.466666667","90.2"
"2020-11-23 11:17:00","44158.470138889","90"
"2020-11-23 11:22:00","44158.473611111","90"
"2020-11-23 11:27:00","44158.477083333","90.5"
"2020-11-23 11:32:00","44158.480555556","90.1"
"2020-11-23 11:37:00","44158.484027778","90"
"2020-11-23 11:42:00","44158.4875","90.4"
"2020-11-23 11:47:00","44158.490972222","90"
"2020-11-23 11:52:00","44158.494444444","90.4"
"2020-11-23 11:57:00","44158.497916667","90.3"
"2020-11-23 12:02:00","44158.501388889","92"
"2020-11-23 12:07:00","44158.504861111","90.4"
"2020-11-23 12:12:00","44158.508333333","90.5"
"2020-11-23 12:17:00","44158.511805556","90.2"
"2020-11-23 12:22:00","44158.515277778","90.2"
"2020-11-23 12:27:00","44158.51875","90"
"2020-11-23 12:32:00","44158.522222222","88.9"
"2020-11-23 12:37:00","44158.525694444","89.8"
"2020-11-23 12:42:00","44158.529166667","89.4"
"2020-11-23 12:47:00","44158.532638889","89.8"
"2020-11-23 12:52:00","44158.536111111","89.4"
"2020-11-23 12:57:00","44158.539583333","89"
"2020-11-23 13:02:00","44158.543055556","89.5"
"2020-11-23 13:07:00","44158.546527778","90.4"
"2020-11-23 13:12:00","44158.55","89.5"
"2020-11-23 13:17:00","44158.553472222","89.3"
"2020-11-23 13:22:00","44158.556944444","89.4"
"2020-11-23 13:27:00","44158.560416667","89.7"
"2020-11-23 13:32:00","44158.563888889","90.2"
"2020-11-23 13:37:00","44158.567361111","89.5"
"2020-11-23 13:42:00","44158.570833333","90.1"
"2020-11-23 13:47:00","44158.574305556","89.7"
"2020-11-23 13:52:00","44158.577777778","90"
"2020-11-23 13:57:00","44158.58125","90.3"
"2020-11-23 14:02:00","44158.584722222","90.4"
"2020-11-23 14:07:00","44158.588194444","89.8"
"2020-11-23 14:12:00","44158.591666667","90.3"
"2020-11-23 14:17:00","44158.595138889","90"
"2020-11-23 14:22:00","44158.598611111","89.9"
"2020-11-23 14:27:00","44158.602083333","89.9"
"2020-11-23 14:32:00","44158.605555556","91"
"2020-11-23 14:37:00","44158.609027778","90.3"
"2020-11-23 14:42:00","44158.6125","89.6"
"2020-11-23 14:47:00","44158.615972222","89.8"
"2020-11-23 14:52:00","44158.619444444","90.1"
"2020-11-23 14:57:00","44158.622916667","90"
"2020-11-23 15:02:00","44158.626388889","90.3"
"2020-11-23 15:07:00","44158.629861111","90.4"
"2020-11-23 15:12:00","44158.633333333","90.1"
"2020-11-23 15:17:00","44158.636805556","90.1"
"2020-11-23 15:22:00","44158.640277778","90.4"
"2020-11-23 15:27:00","44158.64375","90.3"
"2020-11-23 15:32:00","44158.647222222","89.8"
"2020-11-23 15:37:00","44158.650694444","90.1"
"2020-11-23 15:42:00","44158.654166667","90.2"
"2020-11-23 15:47:00","44158.657638889","90.3"
"2020-11-23 15:52:00","44158.661111111","89.4"
"2020-11-23 15:57:00","44158.664583333","90.9"
"2020-11-23 16:02:00","44158.668055556","90"
"2020-11-23 16:07:00","44158.671527778","89.3"
"2020-11-23 16:12:00","44158.675","89.7"
"2020-11-23 16:17:00","44158.678472222","90.2"
"2020-11-23 16:22:00","44158.681944444","88.9"
"2020-11-23 16:27:00","44158.685416667","89.6"
"2020-11-23 16:32:00","44158.688888889","89.7"
"2020-11-23 16:37:00","44158.692361111","89.6"
"2020-11-23 16:42:00","44158.695833333","89.3"
"2020-11-23 16:47:00","44158.699305556","87.9"
"2020-11-23 16:52:00","44158.702777778","88.5"
"2020-11-23 16:57:00","44158.70625","88.9"
"2020-11-23 17:02:00","44158.709722222","88.6"
"2020-11-23 17:07:00","44158.713194444","89.3"
"2020-11-23 17:12:00","44158.716666667","88.6"
"2020-11-23 17:17:00","44158.720138889","88.5"
"2020-11-23 17:22:00","44158.723611111","88.6"
"2020-11-23 17:27:00","44158.727083333","88.2"
"2020-11-23 17:32:00","44158.730555556","88.2"
"2020-11-23 17:37:00","44158.734027778","88.5"
"2020-11-23 17:42:00","44158.7375","88.2"
"2020-11-23 17:47:00","44158.740972222","88.2"
"2020-11-23 17:52:00","44158.744444444","88.4"
"2020-11-23 17:57:00","44158.747916667","88.3"
"2020-11-23 18:02:00","44158.751388889","88.5"
"2020-11-23 18:07:00","44158.754861111","87.9"
"2020-11-23 18:12:00","44158.758333333","88.3"
"2020-11-23 18:17:00","44158.761805556","88.2"
"2020-11-23 18:22:00","44158.765277778","88.4"
"2020-11-23 18:27:00","44158.76875","88.4"
"2020-11-23 18:32:00","44158.772222222","88.2"
"2020-11-23 18:37:00","44158.775694444","88.2"
"2020-11-23 18:42:00","44158.779166667","88.6"
"2020-11-23 18:47:00","44158.782638889","88.2"
"2020-11-23 18:52:00","44158.786111111","88.1"
"2020-11-23 18:57:00","44158.789583333","88"
"2020-11-23 19:02:00","44158.793055556","88.4"
"2020-11-23 19:07:00","44158.796527778","86.9"
"2020-11-23 19:12:00","44158.8","88.6"
"2020-11-23 19:17:00","44158.803472222","88.4"
"2020-11-23 19:22:00","44158.806944444","89"
"2020-11-23 19:27:00","44158.810416667","88.4"
"2020-11-23 19:32:00","44158.813888889","88.4"
"2020-11-23 19:37:00","44158.817361111","88.2"
"2020-11-23 19:42:00","44158.820833333","89.3"
"2020-11-23 19:47:00","44158.824305556","156.1"
"2020-11-23 19:52:00","44158.827777778","169"
"2020-11-23 19:57:00","44158.83125","169"
"2020-11-23 20:02:00","44158.834722222","190.1"
"2020-11-23 20:07:00","44158.838194444","167.9"
"2020-11-23 20:12:00","44158.841666667","169.3"
"2020-11-23 20:17:00","44158.845138889","190"
"2020-11-23 20:22:00","44158.848611111","306.4"
"2020-11-23 20:27:00","44158.852083333","271"
"2020-11-23 20:32:00","44158.855555556","277.7"
"2020-11-23 20:37:00","44158.859027778","250"
"2020-11-23 20:42:00","44158.8625","246.8"
"2020-11-23 20:47:00","44158.865972222","255"
"2020-11-23 20:52:00","44158.869444444","243.1"
"2020-11-23 20:57:00","44158.872916667","214.5"
"2020-11-23 21:02:00","44158.876388889","214.8"
"2020-11-23 21:07:00","44158.879861111","214.6"
"2020-11-23 21:12:00","44158.883333333","217.5"
"2020-11-23 21:17:00","44158.886805556","218"
"2020-11-23 21:22:00","44158.890277778","216.8"
"2020-11-23 21:27:00","44158.89375","215.5"
"2020-11-23 21:32:00","44158.897222222","208.7"
"2020-11-23 21:37:00","44158.900694444","201.6"
"2020-11-23 21:42:00","44158.904166667","190.9"
"2020-11-23 21:47:00","44158.907638889","191.6"
"2020-11-23 21:52:00","44158.911111111","187.5"
"2020-11-23 21:57:00","44158.914583333","178.9"
"2020-11-23 22:02:00","44158.918055556","184.9"
"2020-11-23 22:07:00","44158.921527778","185.6"
"2020-11-23 22:12:00","44158.925","184.9"
"2020-11-23 22:17:00","44158.928472222","172.3"
"2020-11-23 22:22:00","44158.931944444","170.2"
"2020-11-23 22:27:00","44158.935416667","170"
"2020-11-23 22:32:00","44158.938888889","115.3"
"2020-11-23 22:37:00","44158.942361111","114.7"
"2020-11-23 22:42:00","44158.945833333","114.5"
"2020-11-23 22:47:00","44158.949305556","114.6"
"2020-11-23 22:52:00","44158.952777778","114.4"
"2020-11-23 22:57:00","44158.95625","114.2"
"2020-11-23 23:02:00","44158.959722222","112.9"
"2020-11-23 23:07:00","44158.963194444","113.3"
"2020-11-23 23:12:00","44158.966666667","112.3"
"2020-11-23 23:17:00","44158.970138889","112.4"
"2020-11-23 23:22:00","44158.973611111","112.3"
"2020-11-23 23:27:00","44158.977083333","112.5"
"2020-11-23 23:32:00","44158.980555556","112.4"
"2020-11-23 23:37:00","44158.984027778","112.1"
"2020-11-23 23:42:00","44158.9875","112.8"
"2020-11-23 23:47:00","44158.990972222","112.6"
"2020-11-23 23:52:00","44158.994444444","112.6"
"2020-11-23 23:57:00","44158.997916667","113.1"
"2020-11-24 00:02:00","44159.001388889","113.1"
"2020-11-24 00:07:00","44159.004861111","113.2"
"2020-11-24 00:12:00","44159.008333333","113.6"
"2020-11-24 00:17:00","44159.011805556","112.7"
"2020-11-24 00:22:00","44159.015277778","115"
"2020-11-24 00:27:00","44159.01875","111.7"
"2020-11-24 00:32:00","44159.022222222","111.7"
"2020-11-24 00:37:00","44159.025694444","112.3"
"2020-11-24 00:42:00","44159.029166667","112.6"
"2020-11-24 00:47:00","44159.032638889","112"
"2020-11-24 00:52:00","44159.036111111","112.3"
"2020-11-24 00:57:00","44159.039583333","111.9"
"2020-11-24 01:02:00","44159.043055556","113.7"
"2020-11-24 01:07:00","44159.046527778","112.2"
"2020-11-24 01:12:00","44159.05","112.2"
"2020-11-24 01:17:00","44159.053472222","112.3"
"2020-11-24 01:21:59","44159.05693287","113.1"
"2020-11-24 01:27:00","44159.060416667","112"
"2020-11-24 01:32:00","44159.063888889","112"
"2020-11-24 01:37:00","44159.067361111","112.3"
"2020-11-24 01:42:00","44159.070833333","114.1"
"2020-11-24 01:47:00","44159.074305556","112.7"
"2020-11-24 01:52:00","44159.077777778","112"
"2020-11-24 01:57:00","44159.08125","112"
"2020-11-24 02:02:00","44159.084722222","111.8"
"2020-11-24 02:07:00","44159.088194444","113"
"2020-11-24 02:12:00","44159.091666667","113.1"
"2020-11-24 02:17:00","44159.095138889","113.4"
"2020-11-24 02:22:00","44159.098611111","112.7"
"2020-11-24 02:27:00","44159.102083333","113"
"2020-11-24 02:31:59","44159.105543981","112.3"
"2020-11-24 02:37:00","44159.109027778","112.4"
"2020-11-24 02:42:00","44159.1125","113"
"2020-11-24 02:47:00","44159.115972222","112.3"
"2020-11-24 02:52:00","44159.119444444","112.2"
"2020-11-24 02:57:00","44159.122916667","113.3"
"2020-11-24 03:01:59","44159.126377315","112.4"
"2020-11-24 03:07:00","44159.129861111","111.9"
"2020-11-24 03:12:00","44159.133333333","112.4"
"2020-11-24 03:17:00","44159.136805556","112.2"
"2020-11-24 03:22:00","44159.140277778","111.9"
"2020-11-24 03:27:00","44159.14375","112.4"
"2020-11-24 03:32:00","44159.147222222","112.6"
"2020-11-24 03:37:00","44159.150694444","112.3"
"2020-11-24 03:42:00","44159.154166667","112.6"
"2020-11-24 03:47:00","44159.157638889","112.6"
"2020-11-24 03:52:00","44159.161111111","112.4"
"2020-11-24 03:57:00","44159.164583333","112.5"
"2020-11-24 04:02:00","44159.168055556","112.3"
"2020-11-24 04:07:00","44159.171527778","111.7"
"2020-11-24 04:12:00","44159.175","113.1"
"2020-11-24 04:17:00","44159.178472222","112.7"
"2020-11-24 04:22:00","44159.181944444","112.7"
"2020-11-24 04:27:00","44159.185416667","112.6"
"2020-11-24 04:31:59","44159.188877315","112.6"
"2020-11-24 04:37:00","44159.192361111","111.4"
"2020-11-24 04:42:00","44159.195833333","112.5"
"2020-11-24 04:47:00","44159.199305556","112.4"
"2020-11-24 04:52:01","44159.202789352","112.6"
"2020-11-24 04:57:00","44159.20625","112.4"
"2020-11-24 05:02:01","44159.209733796","112.3"
"2020-11-24 05:07:00","44159.213194444","112.3"
"2020-11-24 05:12:00","44159.216666667","112.6"
"2020-11-24 05:17:00","44159.220138889","112.7"
"2020-11-24 05:22:00","44159.223611111","115.6"
"2020-11-24 05:27:00","44159.227083333","114.5"
"2020-11-24 05:32:01","44159.23056713","115.2"
"2020-11-24 05:37:00","44159.234027778","114.5"
"2020-11-24 05:42:00","44159.2375","114.6"
"2020-11-24 05:47:01","44159.240983796","115.1"
"2020-11-24 05:52:01","44159.244456019","113.3"
"2020-11-24 05:57:01","44159.247928241","113.5"
"2020-11-24 06:02:01","44159.251400463","113.5"
"2020-11-24 06:07:00","44159.254861111","113.7"
"2020-11-24 06:12:00","44159.258333333","113.4"
"2020-11-24 06:17:00","44159.261805556","113.9"
"2020-11-24 06:22:00","44159.265277778","113.5"
"2020-11-24 06:27:00","44159.26875","113.1"
"2020-11-24 06:32:01","44159.272233796","114.3"
"2020-11-24 06:37:00","44159.275694444","114.7"
"2020-11-24 06:42:01","44159.279178241","113"
"2020-11-24 06:47:00","44159.282638889","113"
"2020-11-24 06:52:00","44159.286111111","113.1"
"2020-11-24 06:57:00","44159.289583333","114.1"
"2020-11-24 07:02:01","44159.29306713","113"
"2020-11-24 07:07:01","44159.296539352","112.3"
"2020-11-24 07:12:01","44159.300011574","112.8"
"2020-11-24 07:17:01","44159.303483796","112.5"
"2020-11-24 07:22:01","44159.306956019","112.4"
"2020-11-24 07:27:01","44159.310428241","112.4"
"2020-11-24 07:32:00","44159.313888889","113.8"
"2020-11-24 07:37:01","44159.317372685","113.3"
"2020-11-24 07:42:01","44159.320844907","113.1"
"2020-11-24 07:47:01","44159.32431713","113"
"2020-11-24 07:52:01","44159.327789352","113.5"
"2020-11-24 07:57:01","44159.331261574","113.2"
"2020-11-24 08:02:00","44159.334722222","113.6"
"2020-11-24 08:07:01","44159.338206019","113.4"
"2020-11-24 08:12:01","44159.341678241","114.2"
"2020-11-24 08:17:01","44159.345150463","113.6"
"2020-11-24 08:22:01","44159.348622685","113.3"
"2020-11-24 08:27:01","44159.352094907","113.4"
"2020-11-24 08:32:00","44159.355555556","114.3"
"2020-11-24 08:37:01","44159.359039352","113.7"
"2020-11-24 08:42:01","44159.362511574","115.8"
"2020-11-24 08:47:01","44159.365983796","113.5"
"2020-11-24 08:52:00","44159.369444444","114"
"2020-11-24 08:57:01","44159.372928241","113.7"
"2020-11-24 09:02:00","44159.376388889","113.1"
"2020-11-24 09:07:01","44159.379872685","114.8"
"2020-11-24 09:12:01","44159.383344907","115.2"
"2020-11-24 09:17:01","44159.38681713","115"
"2020-11-24 09:22:01","44159.390289352","113.4"
"2020-11-24 09:27:01","44159.393761574","114"
"2020-11-24 09:32:00","44159.397222222","114.4"
"2020-11-24 09:37:01","44159.400706019","114.6"
"2020-11-24 09:42:01","44159.404178241","115.8"
"2020-11-24 09:47:01","44159.407650463","114.8"
"2020-11-24 09:52:01","44159.411122685","115"
"2020-11-24 09:57:01","44159.414594907","113.7"
"2020-11-24 10:02:00","44159.418055556","112.7"
"2020-11-24 10:07:01","44159.421539352","113.8"
"2020-11-24 10:12:01","44159.425011574","114.2"
"2020-11-24 10:17:01","44159.428483796","113.8"
"2020-11-24 10:22:01","44159.431956019","113.2"
"2020-11-24 10:27:01","44159.435428241","113.3"
"2020-11-24 10:32:00","44159.438888889","113.7"
"2020-11-24 10:37:01","44159.442372685","113.5"
"2020-11-24 10:42:01","44159.445844907","113.5"
"2020-11-24 10:47:01","44159.44931713","114.5"
"2020-11-24 10:52:01","44159.452789352","113.7"
"2020-11-24 10:57:01","44159.456261574","114.2"
"2020-11-24 11:02:00","44159.459722222","112.7"
"2020-11-24 11:07:01","44159.463206019","283"
"2020-11-24 11:12:01","44159.466678241","206.6"
"2020-11-24 11:17:01","44159.470150463","208.3"
"2020-11-24 11:22:01","44159.473622685","205.3"
"2020-11-24 11:27:01","44159.477094907","206"
"2020-11-24 11:32:00","44159.480555556","206.4"
"2020-11-24 11:37:01","44159.484039352","204"
"2020-11-24 11:42:01","44159.487511574","236"
"2020-11-24 11:47:01","44159.490983796","240.9"
"2020-11-24 11:52:01","44159.494456019","211.4"
"2020-11-24 11:57:01","44159.497928241","206.3"
"2020-11-24 12:02:00","44159.501388889","213.6"
"2020-11-24 12:07:01","44159.504872685","205.2"
"2020-11-24 12:12:01","44159.508344907","204.8"
"2020-11-24 12:17:01","44159.51181713","223.1"
"2020-11-24 12:22:01","44159.515289352","205.9"
"2020-11-24 12:27:01","44159.518761574","206.2"
"2020-11-24 12:32:00","44159.522222222","211.3"
"2020-11-24 12:37:01","44159.525706019","203.3"
"2020-11-24 12:42:01","44159.529178241","206.4"
"2020-11-24 12:47:01","44159.532650463","200.2"
"2020-11-24 12:52:01","44159.536122685","203.3"
"2020-11-24 12:57:01","44159.539594907","203.5"
"2020-11-24 13:02:00","44159.543055556","200.7"
"2020-11-24 13:07:00","44159.546527778","206.9"
"2020-11-24 13:12:01","44159.550011574","205.2"
"2020-11-24 13:17:01","44159.553483796","212.3"
"2020-11-24 13:22:01","44159.556956019","211.2"
"2020-11-24 13:27:00","44159.560416667","212.6"
"2020-11-24 13:32:01","44159.563900463","209.4"
"2020-11-24 13:37:01","44159.567372685","207.3"
"2020-11-24 13:42:01","44159.570844907","210.5"
"2020-11-24 13:47:00","44159.574305556","208.6"
"2020-11-24 13:52:01","44159.577789352","210.9"
"2020-11-24 13:57:01","44159.581261574","209.8"
"2020-11-24 14:02:00","44159.584722222","207.2"
"2020-11-24 14:07:00","44159.588194444","210.4"
"2020-11-24 14:12:00","44159.591666667","209.8"
"2020-11-24 14:17:00","44159.595138889","210.8"
"2020-11-24 14:22:01","44159.598622685","213.6"
"2020-11-24 14:27:00","44159.602083333","231"
"2020-11-24 14:32:00","44159.605555556","207"
"2020-11-24 14:37:00","44159.609027778","205.6"
"2020-11-24 14:42:01","44159.612511574","207.1"
"2020-11-24 14:47:01","44159.615983796","210.7"
"2020-11-24 14:52:01","44159.619456019","211.1"
"2020-11-24 14:57:01","44159.622928241","211.4"
"2020-11-24 15:02:01","44159.626400463","217.3"
"2020-11-24 15:07:00","44159.629861111","214.9"
"2020-11-24 15:12:01","44159.633344907","213.7"
"2020-11-24 15:17:00","44159.636805556","212.2"
"2020-11-24 15:22:00","44159.640277778","215.1"
"2020-11-24 15:27:00","44159.64375","211.8"
"2020-11-24 15:32:00","44159.647222222","206.4"
"2020-11-24 15:37:00","44159.650694444","206.7"
"2020-11-24 15:42:01","44159.654178241","211.2"
"2020-11-24 15:47:00","44159.657638889","211.5"
"2020-11-24 15:52:00","44159.661111111","207.8"
"2020-11-24 15:57:01","44159.664594907","207.9"
"2020-11-24 16:02:00","44159.668055556","207.5"
"2020-11-24 16:07:01","44159.671539352","208.2"
"2020-11-24 16:12:01","44159.675011574","207.6"
"2020-11-24 16:17:01","44159.678483796","208.2"
"2020-11-24 16:22:01","44159.681956019","212"
"2020-11-24 16:27:01","44159.685428241","213.7"
"2020-11-24 16:32:01","44159.688900463","206.9"
"2020-11-24 16:37:01","44159.692372685","208.4"
"2020-11-24 16:42:01","44159.695844907","206.9"
"2020-11-24 16:47:00","44159.699305556","203.5"
"2020-11-24 16:52:00","44159.702777778","207.3"
"2020-11-24 16:57:00","44159.70625","204.2"
"2020-11-24 17:02:00","44159.709722222","213.8"
"2020-11-24 17:07:00","44159.713194444","209.4"
"2020-11-24 17:12:00","44159.716666667","208.3"
"2020-11-24 17:17:00","44159.720138889","207"
"2020-11-24 17:22:00","44159.723611111","208.6"
"2020-11-24 17:27:00","44159.727083333","208"
"2020-11-24 17:32:00","44159.730555556","210.8"
"2020-11-24 17:37:00","44159.734027778","209.3"
"2020-11-24 17:42:01","44159.737511574","207.7"
"2020-11-24 17:47:00","44159.740972222","161.4"
"2020-11-24 17:52:00","44159.744444444","161.4"
"2020-11-24 17:57:00","44159.747916667","211.3"
"2020-11-24 18:02:00","44159.751388889","207.8"
"2020-11-24 18:07:00","44159.754861111","207.8"
"2020-11-24 18:12:00","44159.758333333","207.5"
"2020-11-24 18:17:00","44159.761805556","207.3"
"2020-11-24 18:22:01","44159.765289352","204.9"
"2020-11-24 18:27:01","44159.768761574","203.3"
"2020-11-24 18:32:01","44159.772233796","205.1"
"2020-11-24 18:37:00","44159.775694444","204.3"
"2020-11-24 18:42:00","44159.779166667","207"
"2020-11-24 18:47:01","44159.782650463","205.1"
"2020-11-24 18:52:00","44159.786111111","205.7"
"2020-11-24 18:57:01","44159.789594907","213.5"
"2020-11-24 19:02:00","44159.793055556","206.2"
"2020-11-24 19:07:00","44159.796527778","206.2"
"2020-11-24 19:12:00","44159.8","208.1"
"2020-11-24 19:17:00","44159.803472222","206.5"
"2020-11-24 19:22:00","44159.806944444","251.4"
"2020-11-24 19:27:00","44159.810416667","209.2"
"2020-11-24 19:32:00","44159.813888889","210.1"
"2020-11-24 19:37:00","44159.817361111","208.6"
"2020-11-24 19:42:00","44159.820833333","206"
"2020-11-24 19:47:00","44159.824305556","215.6"
"2020-11-24 19:52:00","44159.827777778","213.4"
"2020-11-24 19:57:00","44159.83125","206.1"
"2020-11-24 20:02:00","44159.834722222","203"
"2020-11-24 20:07:01","44159.838206019","206.6"
"2020-11-24 20:12:00","44159.841666667","200.9"
"2020-11-24 20:17:00","44159.845138889","201.6"
"2020-11-24 20:22:00","44159.848611111","200.9"
"2020-11-24 20:27:00","44159.852083333","203.2"
"2020-11-24 20:32:00","44159.855555556","200.9"
"2020-11-24 20:37:00","44159.859027778","204.5"
"2020-11-24 20:42:00","44159.8625","201.4"
"2020-11-24 20:47:00","44159.865972222","200.8"
"2020-11-24 20:52:00","44159.869444444","202.5"
"2020-11-24 20:57:00","44159.872916667","201.1"
"2020-11-24 21:02:00","44159.876388889","203"
"2020-11-24 21:07:00","44159.879861111","203.5"
"2020-11-24 21:12:00","44159.883333333","204"
"2020-11-24 21:17:00","44159.886805556","203.9"
"2020-11-24 21:22:00","44159.890277778","205"
"2020-11-24 21:27:00","44159.89375","204.4"
"2020-11-24 21:32:00","44159.897222222","208.2"
"2020-11-24 21:37:00","44159.900694444","203"
"2020-11-24 21:42:00","44159.904166667","202.5"
"2020-11-24 21:47:00","44159.907638889","203.7"
"2020-11-24 21:52:00","44159.911111111","158.8"
"2020-11-24 21:57:00","44159.914583333","157.5"
"2020-11-24 22:02:00","44159.918055556","155.3"
"2020-11-24 22:07:00","44159.921527778","158.1"
"2020-11-24 22:12:00","44159.925","159"
"2020-11-24 22:17:00","44159.928472222","154.2"
"2020-11-24 22:22:00","44159.931944444","154.3"
"2020-11-24 22:27:00","44159.935416667","155"
"2020-11-24 22:32:00","44159.938888889","151"
"2020-11-24 22:37:00","44159.942361111","151.5"
"2020-11-24 22:42:00","44159.945833333","152.8"
"2020-11-24 22:47:00","44159.949305556","152.1"
"2020-11-24 22:52:00","44159.952777778","150.9"
"2020-11-24 22:57:00","44159.95625","152.3"
"2020-11-24 23:02:00","44159.959722222","151.6"
"2020-11-24 23:07:00","44159.963194444","154.2"
"2020-11-24 23:12:00","44159.966666667","153.6"
"2020-11-24 23:17:00","44159.970138889","151.3"
"2020-11-24 23:22:00","44159.973611111","150.5"
"2020-11-24 23:27:00","44159.977083333","151.4"
"2020-11-24 23:32:00","44159.980555556","152.9"
"2020-11-24 23:37:00","44159.984027778","152.3"
"2020-11-24 23:42:00","44159.9875","151.2"
"2020-11-24 23:47:00","44159.990972222","152"
"2020-11-24 23:52:00","44159.994444444","150.8"
"2020-11-24 23:57:00","44159.997916667","152.6"
"2020-11-25 00:02:00","44160.001388889","151.4"
"2020-11-25 00:07:00","44160.004861111","151.8"
"2020-11-25 00:12:00","44160.008333333","151.6"
"2020-11-25 00:17:00","44160.011805556","152.6"
"2020-11-25 00:22:00","44160.015277778","151.3"
"2020-11-25 00:27:00","44160.01875","151.5"
"2020-11-25 00:32:00","44160.022222222","152.4"
"2020-11-25 00:37:00","44160.025694444","150.4"
"2020-11-25 00:42:00","44160.029166667","150.4"
"2020-11-25 00:47:00","44160.032638889","151.7"
"2020-11-25 00:52:00","44160.036111111","150.9"
"2020-11-25 00:57:00","44160.039583333","151.4"
"2020-11-25 01:02:00","44160.043055556","150.9"
"2020-11-25 01:07:00","44160.046527778","151.7"
"2020-11-25 01:12:00","44160.05","151.3"
"2020-11-25 01:17:00","44160.053472222","150.4"
"2020-11-25 01:22:00","44160.056944444","150.7"
"2020-11-25 01:27:00","44160.060416667","151"
"2020-11-25 01:32:00","44160.063888889","151.3"
"2020-11-25 01:37:00","44160.067361111","151.6"
"2020-11-25 01:42:00","44160.070833333","151.2"
"2020-11-25 01:47:00","44160.074305556","152.5"
"2020-11-25 01:52:00","44160.077777778","150.9"
"2020-11-25 01:57:00","44160.08125","152.1"
"2020-11-25 02:02:00","44160.084722222","151.4"
"2020-11-25 02:07:00","44160.088194444","150.6"
"2020-11-25 02:12:00","44160.091666667","151.9"
"2020-11-25 02:17:00","44160.095138889","152.3"
"2020-11-25 02:22:00","44160.098611111","151.9"
"2020-11-25 02:27:00","44160.102083333","153.2"
"2020-11-25 02:32:00","44160.105555556","151.5"
"2020-11-25 02:37:00","44160.109027778","151.6"
"2020-11-25 02:42:00","44160.1125","150.5"
"2020-11-25 02:47:00","44160.115972222","150.4"
"2020-11-25 02:52:00","44160.119444444","153.3"
"2020-11-25 02:57:00","44160.122916667","151.2"
"2020-11-25 03:02:00","44160.126388889","151.3"
"2020-11-25 03:07:00","44160.129861111","151.5"
"2020-11-25 03:12:00","44160.133333333","150.9"
"2020-11-25 03:17:00","44160.136805556","154.7"
"2020-11-25 03:22:00","44160.140277778","154.6"
"2020-11-25 03:27:00","44160.14375","153.1"
"2020-11-25 03:32:00","44160.147222222","151.6"
"2020-11-25 03:37:00","44160.150694444","152.5"
"2020-11-25 03:42:00","44160.154166667","152.2"
"2020-11-25 03:47:00","44160.157638889","151.5"
"2020-11-25 03:52:00","44160.161111111","152.1"
"2020-11-25 03:57:00","44160.164583333","155.4"
"2020-11-25 04:02:00","44160.168055556","221.2"
"2020-11-25 04:07:00","44160.171527778","154.2"
"2020-11-25 04:12:00","44160.175","154.7"
"2020-11-25 04:17:00","44160.178472222","151.4"
"2020-11-25 04:22:00","44160.181944444","152.6"
"2020-11-25 04:27:00","44160.185416667","152.5"
"2020-11-25 04:32:00","44160.188888889","152.1"
"2020-11-25 04:37:00","44160.192361111","150.3"
"2020-11-25 04:42:00","44160.195833333","151.2"
"2020-11-25 04:47:00","44160.199305556","150.6"
"2020-11-25 04:52:01","44160.202789352","150.8"
"2020-11-25 04:57:01","44160.206261574","151"
"2020-11-25 05:02:01","44160.209733796","154.3"
"2020-11-25 05:07:01","44160.213206019","156"
"2020-11-25 05:12:01","44160.216678241","150.7"
"2020-11-25 05:17:01","44160.220150463","152.5"
"2020-11-25 05:22:01","44160.223622685","151.3"
"2020-11-25 05:27:01","44160.227094907","151.4"
"2020-11-25 05:32:01","44160.23056713","150.3"
"2020-11-25 05:37:00","44160.234027778","151.4"
"2020-11-25 05:42:01","44160.237511574","151.3"
"2020-11-25 05:47:00","44160.240972222","151.2"
"2020-11-25 05:52:01","44160.244456019","151.6"
"2020-11-25 05:57:00","44160.247916667","152"
"2020-11-25 06:02:00","44160.251388889","155.1"
"2020-11-25 06:07:01","44160.254872685","157.3"
"2020-11-25 06:12:00","44160.258333333","158.7"
"2020-11-25 06:17:00","44160.261805556","153.6"
"2020-11-25 06:22:00","44160.265277778","153.3"
"2020-11-25 06:27:01","44160.268761574","151.6"
"2020-11-25 06:32:00","44160.272222222","151.9"
"2020-11-25 06:37:00","44160.275694444","151.3"
"2020-11-25 06:42:00","44160.279166667","152.2"
"2020-11-25 06:47:01","44160.282650463","152.3"
"2020-11-25 06:52:01","44160.286122685","151.6"
"2020-11-25 06:57:00","44160.289583333","152"
"2020-11-25 07:02:00","44160.293055556","151"
"2020-11-25 07:07:00","44160.296527778","151.7"
"2020-11-25 07:12:01","44160.300011574","151.2"
"2020-11-25 07:17:00","44160.303472222","151.6"
"2020-11-25 07:22:00","44160.306944444","151.6"
"2020-11-25 07:27:01","44160.310428241","152.2"
"2020-11-25 07:32:01","44160.313900463","151.5"
"2020-11-25 07:37:01","44160.317372685","151.4"
"2020-11-25 07:42:01","44160.320844907","154.8"
"2020-11-25 07:47:00","44160.324305556","154.4"
"2020-11-25 07:52:00","44160.327777778","151.8"
"2020-11-25 07:57:00","44160.33125","153.1"
"2020-11-25 08:02:00","44160.334722222","151"
"2020-11-25 08:07:00","44160.338194444","151.7"
"2020-11-25 08:12:00","44160.341666667","153.1"
"2020-11-25 08:17:00","44160.345138889","153.1"
"2020-11-25 08:22:00","44160.348611111","152.8"
"2020-11-25 08:27:00","44160.352083333","154"
"2020-11-25 08:32:00","44160.355555556","154.6"
"2020-11-25 08:37:00","44160.359027778","153.4"
"2020-11-25 08:42:01","44160.362511574","155.2"
"2020-11-25 08:47:01","44160.365983796","154.1"
"2020-11-25 08:52:00","44160.369444444","151.9"
"2020-11-25 08:57:00","44160.372916667","154.8"
"2020-11-25 09:02:00","44160.376388889","155"
"2020-11-25 09:07:00","44160.379861111","151.4"
"2020-11-25 09:12:00","44160.383333333","151.9"
"2020-11-25 09:17:00","44160.386805556","151.8"
"2020-11-25 09:22:00","44160.390277778","154.8"
"2020-11-25 09:27:00","44160.39375","150.5"
"2020-11-25 09:32:01","44160.397233796","151.7"
"2020-11-25 09:37:00","44160.400694444","156.6"
"2020-11-25 09:42:00","44160.404166667","157.2"
"2020-11-25 09:47:00","44160.407638889","153.8"
"2020-11-25 09:52:00","44160.411111111","153.9"
"2020-11-25 09:57:00","44160.414583333","154.3"
"2020-11-25 10:02:01","44160.41806713","155.9"
"2020-11-25 10:07:00","44160.421527778","153.5"
"2020-11-25 10:12:01","44160.425011574","152.9"
"2020-11-25 10:17:01","44160.428483796","152.8"
"2020-11-25 10:22:01","44160.431956019","152.2"
"2020-11-25 10:27:01","44160.435428241","152.9"
"2020-11-25 10:32:00","44160.438888889","151.6"
"2020-11-25 10:37:00","44160.442361111","152.9"
"2020-11-25 10:42:00","44160.445833333","153.8"
"2020-11-25 10:47:00","44160.449305556","152.2"
"2020-11-25 10:52:00","44160.452777778","152.7"
"2020-11-25 10:57:00","44160.45625","152.7"
"2020-11-25 11:02:01","44160.459733796","154.3"
"2020-11-25 11:07:00","44160.463194444","179.5"
"2020-11-25 11:12:01","44160.466678241","236.9"
"2020-11-25 11:17:00","44160.470138889","217.5"
"2020-11-25 11:22:00","44160.473611111","203.8"
"2020-11-25 11:27:00","44160.477083333","203.4"
"2020-11-25 11:32:00","44160.480555556","205.1"
"2020-11-25 11:37:00","44160.484027778","201.8"
"2020-11-25 11:42:00","44160.4875","295.4"
"2020-11-25 11:47:00","44160.490972222","362.2"
"2020-11-25 11:52:00","44160.494444444","290"
"2020-11-25 11:57:01","44160.497928241","292.2"
"2020-11-25 12:02:00","44160.501388889","288"
"2020-11-25 12:07:00","44160.504861111","301.2"
"2020-11-25 12:12:00","44160.508333333","379.2"
"2020-11-25 12:17:01","44160.51181713","377.9"
"2020-11-25 12:22:00","44160.515277778","328.2"
"2020-11-25 12:27:00","44160.51875","311.9"
"2020-11-25 12:32:00","44160.522222222","314.3"
"2020-11-25 12:37:00","44160.525694444","332.8"
"2020-11-25 12:42:00","44160.529166667","300.5"
"2020-11-25 12:47:00","44160.532638889","315.4"
"2020-11-25 12:52:00","44160.536111111","289.2"
"2020-11-25 12:57:01","44160.539594907","291.4"
"2020-11-25 13:02:00","44160.543055556","392.9"
"2020-11-25 13:07:00","44160.546527778","338"
"2020-11-25 13:12:01","44160.550011574","373"
"2020-11-25 13:17:01","44160.553483796","259.1"
"2020-11-25 13:22:01","44160.556956019","237.2"
"2020-11-25 13:27:01","44160.560428241","276.2"
"2020-11-25 13:32:01","44160.563900463","242"
"2020-11-25 13:37:01","44160.567372685","326.4"
"2020-11-25 13:42:00","44160.570833333","252.2"
"2020-11-25 13:47:00","44160.574305556","260.4"
"2020-11-25 13:52:01","44160.577789352","295"
"2020-11-25 13:57:00","44160.58125","294.4"
"2020-11-25 14:02:00","44160.584722222","287.3"
"2020-11-25 14:07:01","44160.588206019","289.5"
"2020-11-25 14:12:00","44160.591666667","287.3"
"2020-11-25 14:17:01","44160.595150463","242.9"
"2020-11-25 14:22:00","44160.598611111","241.2"
"2020-11-25 14:27:00","44160.602083333","257.5"
"2020-11-25 14:32:00","44160.605555556","249.2"
"2020-11-25 14:37:01","44160.609039352","245.4"
"2020-11-25 14:42:00","44160.6125","310.4"
"2020-11-25 14:47:01","44160.615983796","308.4"
"2020-11-25 14:52:00","44160.619444444","240.7"
"2020-11-25 14:57:00","44160.622916667","267.8"
"2020-11-25 15:02:00","44160.626388889","271.8"
"2020-11-25 15:07:00","44160.629861111","239.3"
"2020-11-25 15:12:01","44160.633344907","308.2"
"2020-11-25 15:17:01","44160.63681713","335.5"
"2020-11-25 15:22:01","44160.640289352","360.6"
"2020-11-25 15:27:00","44160.64375","263.7"
"2020-11-25 15:32:01","44160.647233796","267.2"
"2020-11-25 15:37:00","44160.650694444","269.3"
"2020-11-25 15:42:00","44160.654166667","260.6"
"2020-11-25 15:47:01","44160.657650463","261.3"
"2020-11-25 15:52:01","44160.661122685","262.8"
"2020-11-25 15:57:01","44160.664594907","260"
"2020-11-25 16:02:00","44160.668055556","261.2"
"2020-11-25 16:07:00","44160.671527778","255.2"
"2020-11-25 16:12:01","44160.675011574","242"
"2020-11-25 16:17:01","44160.678483796","241.2"
"2020-11-25 16:22:01","44160.681956019","241.2"
"2020-11-25 16:27:00","44160.685416667","249.8"
"2020-11-25 16:32:01","44160.688900463","251.7"
"2020-11-25 16:37:01","44160.692372685","344.8"
"2020-11-25 16:42:01","44160.695844907","305.2"
"2020-11-25 16:47:00","44160.699305556","300.6"
"2020-11-25 16:52:00","44160.702777778","300.4"
"2020-11-25 16:57:01","44160.706261574","297.7"
"2020-11-25 17:02:01","44160.709733796","338.4"
"2020-11-25 17:07:01","44160.713206019","245.3"
"2020-11-25 17:12:01","44160.716678241","245.1"
"2020-11-25 17:17:01","44160.720150463","239"
"2020-11-25 17:22:01","44160.723622685","246.1"
"2020-11-25 17:27:01","44160.727094907","211.3"
"2020-11-25 17:32:00","44160.730555556","210.4"
"2020-11-25 17:37:01","44160.734039352","209.1"
"2020-11-25 17:42:01","44160.737511574","202.7"
"2020-11-25 17:47:01","44160.740983796","208.7"
"2020-11-25 17:52:00","44160.744444444","210.4"
"2020-11-25 17:57:00","44160.747916667","207.7"
"2020-11-25 18:02:00","44160.751388889","204.3"
"2020-11-25 18:07:00","44160.754861111","202.2"
"2020-11-25 18:12:00","44160.758333333","201.7"
"2020-11-25 18:17:00","44160.761805556","198.4"
"2020-11-25 18:22:00","44160.765277778","200.3"
"2020-11-25 18:27:00","44160.76875","207.3"
"2020-11-25 18:32:00","44160.772222222","209.5"
"2020-11-25 18:37:00","44160.775694444","205.3"
"2020-11-25 18:42:00","44160.779166667","207.6"
"2020-11-25 18:47:00","44160.782638889","199.3"
"2020-11-25 18:52:00","44160.786111111","199.3"
"2020-11-25 18:57:00","44160.789583333","200"
"2020-11-25 19:02:00","44160.793055556","205.3"
"2020-11-25 19:07:00","44160.796527778","196.3"
"2020-11-25 19:12:00","44160.8","196.9"
"2020-11-25 19:17:00","44160.803472222","196.5"
"2020-11-25 19:22:00","44160.806944444","199.1"
"2020-11-25 19:27:00","44160.810416667","197.5"
"2020-11-25 19:32:00","44160.813888889","205.8"
"2020-11-25 19:37:00","44160.817361111","204.2"
"2020-11-25 19:42:00","44160.820833333","203"
"2020-11-25 19:47:00","44160.824305556","204.5"
"2020-11-25 19:52:00","44160.827777778","204.6"
"2020-11-25 19:57:00","44160.83125","203.9"
"2020-11-25 20:02:00","44160.834722222","206.5"
"2020-11-25 20:07:00","44160.838194444","195.9"
"2020-11-25 20:12:00","44160.841666667","196.1"
"2020-11-25 20:17:00","44160.845138889","197.9"
"2020-11-25 20:22:00","44160.848611111","193.9"
"2020-11-25 20:27:00","44160.852083333","196.9"
"2020-11-25 20:32:00","44160.855555556","198.1"
"2020-11-25 20:37:00","44160.859027778","204.3"
"2020-11-25 20:42:00","44160.8625","202.8"
"2020-11-25 20:47:00","44160.865972222","204.3"
"2020-11-25 20:52:00","44160.869444444","204.4"
"2020-11-25 20:57:00","44160.872916667","196.9"
"2020-11-25 21:02:00","44160.876388889","198.4"
"2020-11-25 21:07:00","44160.879861111","196.2"
"2020-11-25 21:12:00","44160.883333333","197.2"
"2020-11-25 21:17:00","44160.886805556","197.5"
"2020-11-25 21:22:00","44160.890277778","196.6"
"2020-11-25 21:27:00","44160.89375","196.2"
"2020-11-25 21:32:00","44160.897222222","196.4"
"2020-11-25 21:37:00","44160.900694444","198.7"
"2020-11-25 21:42:00","44160.904166667","202.4"
"2020-11-25 21:47:00","44160.907638889","204.1"
"2020-11-25 21:52:00","44160.911111111","204.9"
"2020-11-25 21:57:00","44160.914583333","203.7"
"2020-11-25 22:02:00","44160.918055556","203.7"
"2020-11-25 22:07:00","44160.921527778","198.3"
"2020-11-25 22:12:00","44160.925","197.6"
"2020-11-25 22:17:00","44160.928472222","198.9"
"2020-11-25 22:22:00","44160.931944444","198.6"
"2020-11-25 22:27:00","44160.935416667","197.3"
"2020-11-25 22:32:00","44160.938888889","196.8"
"2020-11-25 22:37:00","44160.942361111","197.4"
"2020-11-25 22:42:00","44160.945833333","197.2"
"2020-11-25 22:47:00","44160.949305556","202.9"
"2020-11-25 22:52:00","44160.952777778","203.6"
"2020-11-25 22:57:00","44160.95625","202.9"
"2020-11-25 23:02:00","44160.959722222","209.9"
"2020-11-25 23:07:00","44160.963194444","200.7"
"2020-11-25 23:12:00","44160.966666667","201.6"
"2020-11-25 23:17:00","44160.970138889","200.1"
"2020-11-25 23:22:00","44160.973611111","199.7"
"2020-11-25 23:27:00","44160.977083333","195.7"
"2020-11-25 23:32:00","44160.980555556","197.3"
"2020-11-25 23:37:00","44160.984027778","196.6"
"2020-11-25 23:42:00","44160.9875","196.1"
"2020-11-25 23:47:00","44160.990972222","202.6"
"2020-11-25 23:52:00","44160.994444444","202"
"2020-11-25 23:57:00","44160.997916667","202.5"
"2020-11-26 00:02:00","44161.001388889","201.5"
